<Workspace xmlns:dbaudit="http://www.rightnow.com/schemas/dbaudit" ServerVersion="Oracle Service Cloud 20B SP6 (Build 266 - 06/15/2021 12:14)&#xD;&#xA; CE Version: allsites-rnw-release-20-5-0-1-sp6 PL: " ClientVersion="20.5.0.266" Type="Incident" UIType="Incident" IsMultiEdit="False" SpellCheckOnSave="False" SpellCheckAllowCancel="False" BrowserCompatibilityMode="False">
  <RecordTypes>
    <RecordType Id="1" Name="Incident" />
    <RecordType Id="126" Name="Asset" />
    <RecordType Id="10001" Name="CO$Contract" />
    <RecordType Id="10002" Name="CO$Site" />
    <RecordType Id="6" Name="Contact" />
    <RecordType Id="7" Name="Org" />
    <RecordType Id="8" Name="Task" />
    <RecordType Id="10017" Name="SLA$IncStatusChangeLog" />
  </RecordTypes><Ribbon><RibbonTab TextLabelName="HOME_LBL"><RibbonGroup TextLabelName="SAVE_CMD"><RibbonButtonItem ItemId="Save" ButtonSize="Large" /><RibbonButtonItem ItemId="SaveAndClose" ButtonSize="Large" /><RibbonButtonItem ItemId="SaveAndSend" ButtonSize="Large" /></RibbonGroup><RibbonGroup TextLabelName="ACTIONS_LBL"><RibbonButtonItem ItemId="New" ButtonSize="Large" /><RibbonButtonItem ItemId="Refresh" ButtonSize="Large" /><RibbonButtonItem ItemId="Forward" ButtonSize="Large" /><RibbonButtonItem ItemId="Separator" /><RibbonButtonItem ItemId="Print" ButtonSize="Small" /><RibbonButtonItem ItemId="Copy" ButtonSize="Small" /><RibbonButtonItem ItemId="Delete" ButtonSize="Small" /></RibbonGroup><RibbonGroup TextLabelName="PROOFING_LBL"><RibbonButtonItem ItemId="SpellCheck" ButtonSize="Large" /></RibbonGroup><RibbonGroup TextLabelName="RELATED_ACTIVITIES_LBL"><RibbonButtonItem ItemId="DecisionTree"><Behavior SelectTree="True" SearchTree="True" SearchReportId="8013" /></RibbonButtonItem><RibbonButtonItem ItemId="Propose" ButtonSize="Large" /><RibbonButtonItem ItemId="BestAnswer" ButtonSize="Large" /><RibbonButtonItem ItemId="OfferAdvisor" ButtonSize="Small" /><RibbonButtonItem ItemId="NewServiceOpp" ButtonSize="Small" /><RibbonButtonItem ItemId="Appointment" ButtonSize="Small" /></RibbonGroup><RibbonGroup TextLabelName="LINKS_AND_INFO_LBL"><RibbonButtonItem ItemId="EditorLinks" ButtonSize="Large"><Links><LinkItem Title="Oracle Service Cloud" Url="http://cloud.oracle.com/service" /></Links></RibbonButtonItem><RibbonButtonItem ItemId="Separator" /><RibbonButtonItem ItemId="Info" ButtonSize="Large" /></RibbonGroup></RibbonTab></Ribbon><QuickAccessToolbar><QuickAccessToolbarItem ItemId="New" /><QuickAccessToolbarItem ItemId="Save" /><QuickAccessToolbarItem ItemId="SaveAndClose" /><QuickAccessToolbarItem ItemId="Print" /></QuickAccessToolbar><Flag /><Info><InfoItem ObjectId="Incident" FieldId="IId" /><InfoItem ObjectId="Incident" FieldId="Created" /><InfoItem ObjectId="Incident" FieldId="Updated" /><InfoItem ObjectId="Incident" FieldId="InitialSoln" /><InfoItem ObjectId="Incident" FieldId="LastResp" /><InfoItem ObjectId="Incident" FieldId="RelDue" /><InfoItem ObjectId="Incident" FieldId="Closed" /><InfoItem ObjectId="Incident" FieldId="CreatedBy" /><InfoItem ObjectId="Incident" FieldId="RuleCtx.Escllevel" /><InfoItem ObjectId="Incident" FieldId="RuleCtx.State" /></Info><TabSet ThresholdHeight="275" SummaryPanelHeight="175" Margin="0, 0, 0, 0" TabIndex="3" CanReorderTabs="True" WrapTabs="True" SummaryPanelAlignment="FirstTab" SummaryTab="0"><Tab TextLabelName="SUMMARY_LBL" TextColor=""><Table ColumnCount="2" RowCount="5" BackColor="White" ForeColor="ControlText"><Field Row="0" Column="0" ColumnSpan="2" ObjectId="Incident" FieldId="Subject" RequiredOption="OnNew:~any~;OnEdit:~any~" TabIndex="0" SpellCheck="True" ScrollBars="Vertical" Multiline="False" /><Field Row="1" Column="0" ObjectId="Incident" FieldId="RefNo" TabIndex="1" SpellCheck="False" TrimTextWhitespace="True" Multiline="False" AcceptsReturn="False" /><Field Row="1" Column="1" ObjectId="Incident" FieldId="CId" TabIndex="5" ReportId="8014" /><Field Row="2" Column="0" ObjectId="Incident" FieldId="Status.Id" TabIndex="2" /><Field Row="2" Column="1" ObjectId="Org" FieldId="Name" TabIndex="6" ReadOnlyOption="OnNew:~any~;OnEdit:~any~" SpellCheck="False" TrimTextWhitespace="True" Multiline="False" AcceptsReturn="False" /><Field Row="3" Column="0" ObjectId="Incident" FieldId="Assigned" TabIndex="3" ShowParent="True" /><Field Row="3" Column="1" ObjectId="Incident" FieldId="ProdId" TabIndex="7" RequiredForSolved="False" /><Field Row="4" Column="0" ObjectId="Incident" FieldId="DispId" TabIndex="4" RequiredForSolved="False" /><Field Row="4" Column="1" ObjectId="Incident" FieldId="CatId" TabIndex="8" RequiredForSolved="False" /></Table></Tab><Tab TextLabelName="MESSAGES_LBL" TextColor=""><Table ColumnCount="1" RowCount="1" BackColor="Transparent" ForeColor="ControlText" Padding="6, 3, 6, 6"><RelationshipItem ItemType="RichIncidentThread" Row="0" Column="0" SearchReportId="125" Margin="0, 0, 0, 0" TabIndex="0" IsUsingDefaultEmailFont="True" Font="Arial, 12pt" CanFollowLinks="True" CanFollowIncidentLinks="True" CanSendOnSave="True" CanUseSmartAssistant="True" CanSearchKb="True" CanUseStandardText="True" CanToggleToPlainText="True" DefaultToPlainText="False" AlwaysUsePlainText="False" CanAddResponse="True" CanAddCustomerEntry="True" CanAddNote="True" CanAddCC="True" CanAddBCC="True" ThumbnailsEnabled="False" ThumbnailsThreshold="10" ThreadOrientation="Vertical" CommitResponseOnSave="True" ConfirmResponse="False" AlwaysShowEmailHeader="False" DefaultChannelForCustomerEntry="Phone" DefaultChannelForNote="NoDefault" DefaultThreadOnEdit="Response" DefaultThreadOnNew="CustomerEntry" ReassignOnResponse="ToCurrentAgent" SendResponseDefault="Never" StatusChangeOnResponse="ToSolved" ResponsePanelCoupled="False" /></Table></Tab><Tab TextLabelName="CONTACTS_LBL" TextColor="Black"><Table ColumnCount="2" RowCount="5" AutoScroll="True" BackColor="Transparent" ForeColor="ControlText" Padding="6, 6, 6, 6"><TitleBar Row="0" Column="0" ColumnSpan="2" TextAlign="MiddleLeft" BackColor="LightSkyBlue" Font="Microsoft Sans Serif, 8.25pt, style=Bold" ForeColor="Black" Height="18" Margin="3, 0, 3, 0" Text="Primary Contact Information" /><Field Row="1" Column="0" ObjectId="Contact" FieldId="Name.First" RequiredOption="OnNew:~any~;OnEdit:~any~" TabIndex="9" SpellCheck="False" TrimTextWhitespace="True" Multiline="False" AcceptsReturn="False" /><Field Row="1" Column="1" ObjectId="Contact" FieldId="Name.Last" RequiredOption="OnNew:~any~;OnEdit:~any~" TabIndex="10" SpellCheck="False" TrimTextWhitespace="True" Multiline="False" AcceptsReturn="False" /><Field Row="2" Column="0" ObjectId="Contact" FieldId="Email" RequiredOption="OnNew:~any~;OnEdit:~any~" TabIndex="11" /><Field Row="2" Column="1" ObjectId="Contact" FieldId="Title" TabIndex="12" SpellCheck="False" TrimTextWhitespace="True" Multiline="False" AcceptsReturn="False" /><Field Row="3" Column="0" ObjectId="Contact" FieldId="PhOffice" TabIndex="13" DefaultPhoneType="0" /><Field Row="3" Column="1" ObjectId="Contact" FieldId="Addr" TabIndex="14" Height="33" /><TabSet Row="4" Column="0" ColumnSpan="2" Margin="0, 0, 0, 0" TabIndex="11" CanReorderTabs="True" WrapTabs="True" TabDisplayStyle="Regular"><Tab TextLabelName="CONTACTS_LBL" TextColor=""><Table ColumnCount="0" RowCount="1" BackColor="Transparent" ForeColor="ControlText" Padding="6, 3, 6, 6"><RelationshipItem ItemType="Contacts" Row="0" Column="0" AcId="9011" SearchReportId="8014" ShowRowCount="True" TabIndex="0" DelayReportExecution="True" ExecuteOnNew="False" /></Table></Tab><Tab TextLabelName="CONTACT_FIELDS_LBL" TextColor="Black"><Table ColumnCount="3" RowCount="3" BackColor="Transparent" ForeColor="ControlText" Padding="6, 3, 6, 6"><Field Row="0" Column="0" ObjectId="Contact" FieldId="Login" RequiredOption="" TabIndex="17" SpellCheck="False" TrimTextWhitespace="True" Multiline="False" AcceptsReturn="False" /><Field Row="0" Column="1" ObjectId="Contact" FieldId="MaOptIn" TabIndex="19" BooleanRenderView="Dropdown" /><Field Row="0" Column="2" ObjectId="Contact" FieldId="State" TabIndex="21" /><Field Row="1" Column="1" ObjectId="Contact" FieldId="MaMailType" TabIndex="20" /><Field Row="1" Column="2" ObjectId="Contact" FieldId="Source" TabIndex="22" /></Table></Tab><Tab TextLabelName="INCIDENT_HISTORY_LBL" TextColor="Black"><Table ColumnCount="0" RowCount="1" BackColor="Transparent" ForeColor="ControlText" Padding="6, 3, 6, 6"><Report Row="0" Column="0" AcId="9029" ShowRowCount="True" DelayReportExecution="True" RefreshReportOnDataChange="True" TabIndex="0" FilterOnPrimaryKeyOnly="False" SearchReportId="0" ExecuteOnNew="False" /></Table></Tab></TabSet></Table></Tab><Tab TextLabelName="DETAILS_LBL" TextColor="Black"><Table ColumnCount="3" RowCount="4" BackColor="Transparent" ForeColor="ControlText" Padding="6, 3, 6, 6"><Field Row="0" Column="0" ObjectId="Incident" FieldId="MailboxId" TabIndex="24" /><Field Row="0" Column="1" ObjectId="Incident" FieldId="InterfaceId" TabIndex="27" /><Field Row="0" Column="2" ObjectId="Incident" FieldId="SlaiId" TabIndex="29" /><Field Row="1" Column="0" ObjectId="Incident" FieldId="Source" TabIndex="25" ShowParent="False" /><Field Row="1" Column="1" ObjectId="Incident" FieldId="LangId" TabIndex="28" /><Field Row="1" Column="2" ObjectId="Incident" FieldId="QueueId" TabIndex="30" /><Field Row="2" Column="0" ObjectId="Incident" FieldId="SeverityId" TabIndex="26" /></Table></Tab><Tab TextLabelName="TIME_BILLED_LBL" TextColor="Black"><Table ColumnCount="0" RowCount="1" BackColor="Transparent" ForeColor="ControlText" Padding="6, 3, 6, 6"><RelationshipItem ItemType="TimeBilled" Row="0" Column="0" ShowRowCount="True" TabIndex="0" TimeRequiredForSolved="False" TimeRequiredForEdit="False" ExecuteOnNew="False" /></Table></Tab><Tab TextLabelName="TASKS_LBL" TextColor="Black"><Table ColumnCount="0" RowCount="1" BackColor="Transparent" ForeColor="ControlText" Padding="6, 3, 6, 6"><RelationshipItem ItemType="Tasks" Row="0" Column="0" AcId="9018" SearchReportId="8010" ShowRowCount="True" TabIndex="0" ExecuteOnNew="False" /></Table></Tab><Tab TextLabelName="ORGANIZATION_LBL" TextColor="Black"><Table ColumnCount="2" RowCount="4" BackColor="Transparent" ForeColor="ControlText" Padding="6, 3, 6, 6"><Field Row="0" Column="0" ObjectId="Org" FieldId="Name" TabIndex="33" ReadOnlyOption="OnNew:~any~;OnEdit:~any~" SpellCheck="False" TrimTextWhitespace="True" Multiline="False" AcceptsReturn="False" /><Field Row="0" Column="1" ObjectId="Org" FieldId="Login" TabIndex="36" SpellCheck="False" TrimTextWhitespace="True" Multiline="False" AcceptsReturn="False" /><Field Row="1" Column="0" ObjectId="Org" FieldId="OrgId" TabIndex="34" TrimTextWhitespace="False" SpellCheck="False" Multiline="False" AcceptsReturn="False" /><Field Row="1" Column="1" ObjectId="Org" FieldId="PasswordEncrypt" TabIndex="37" SpellCheck="False" PasswordCover="*" TrimTextWhitespace="True" Multiline="False" AcceptsReturn="False" /><Field Row="2" Column="0" ObjectId="Org" FieldId="Oaddr" TabIndex="35" LabelText="Billing" Height="33" /><Field Row="2" Column="1" ObjectId="Org" FieldId="State" TabIndex="38" /><TabSet Row="3" Column="0" ColumnSpan="2" Margin="0, 0, 0, 0" TabIndex="6" CanReorderTabs="True" WrapTabs="True" TabDisplayStyle="Regular"><Tab TextLabelName="INCIDENT_HISTORY_LBL" TextColor="Black"><Table ColumnCount="0" RowCount="1" BackColor="Transparent" ForeColor="ControlText" Padding="6, 3, 6, 6"><Report Row="0" Column="0" AcId="9003" ShowRowCount="True" DelayReportExecution="True" RefreshReportOnDataChange="True" TabIndex="0" FilterOnPrimaryKeyOnly="False" SearchReportId="0" ExecuteOnNew="False" /></Table></Tab><Tab TextLabelName="CONTACTS_FOR_ORG_LBL" TextColor="Black"><Table ColumnCount="0" RowCount="1" BackColor="Transparent" ForeColor="ControlText" Padding="6, 3, 6, 6"><Report Row="0" Column="0" AcId="9010" ShowRowCount="True" DelayReportExecution="True" RefreshReportOnDataChange="True" TabIndex="0" FilterOnPrimaryKeyOnly="False" SearchReportId="0" ExecuteOnNew="False" /></Table></Tab></TabSet></Table></Tab><Tab TextLabelName="WEB_VISIT_LBL" TextColor="Black"><Table ColumnCount="1" RowCount="1" BackColor="Transparent" ForeColor="ControlText" Padding="6, 3, 6, 6"><Report Row="0" Column="0" AcId="9035" ShowRowCount="True" DelayReportExecution="True" TabIndex="0" HideReportCommands="True" FilterOnPrimaryKeyOnly="False" SearchReportId="0" ExecuteOnNew="False" /></Table></Tab><Tab TextLabelName="ATTACHMENTS_LBL" TextColor="Black"><Table ColumnCount="0" RowCount="1" BackColor="Transparent" ForeColor="ControlText" Padding="6, 3, 6, 6"><RelationshipItem ItemType="FileAttachments" Row="0" Column="0" TabIndex="0" /></Table></Tab><Tab TextLabelName="AUDIT_LOG_LBL" TextColor="Black"><Table ColumnCount="1" RowCount="1" BackColor="Transparent" ForeColor="ControlText" Padding="6, 3, 6, 6"><RelationshipItem ItemType="IncidentAuditLog" Row="0" Column="0" TabIndex="0" ShowReadTransactions="False" AcId="9041" ExecuteOnNew="False" /></Table></Tab></TabSet></Workspace>